,feature,score
0,DHW Heating (kWh),1.5295344757430853
1,Hour,0.13801676431793997
